{"target_id": 0, "predicted_token": "[PAD]", "tokens": ["[CLS]", "I", "like", "this", "movie", "a", "lot", "!", "[SEP]"], "scores": [0.004171240609139204, 0.27209722995758057, 0.18780307471752167, 0.28463777899742126, -0.05315852537751198, 0.21170827746391296, 0.5381768345832825, 0.3505052626132965, 0.5912042856216431], "generated_image": null, "special_tokens_mask": [true, false, false, false, false, false, false, false, true]}