{"target_id": 2, "predicted_token": "positive", "tokens": ["<s>", "I", "\u0120like", "\u0120this", "\u0120movie", "\u0120a", "\u0120lot", "!", "</s>"], "scores": [0.01588314026594162, 0.43551692366600037, 0.6829029321670532, 0.4082590639591217, 0.09366456419229507, -0.029709244146943092, 0.3077004551887512, 0.20430023968219757, -0.17597436904907227], "generated_image": null, "special_tokens_mask": [true, false, false, false, false, false, false, false, true]}